case_id,case_login,case_pass,case_ip,case_expected
0,login1,pass1,192.168.1.10,1
1,login1,pass1,192.168.1.10,1
2,login1,pass1,192.168.1.10,1
3,login1,pass1,192.168.1.10,1
4,login1,pass1,192.168.1.10,1
5,login1,pass1,192.168.1.10,1
6,login1,pass1,192.168.1.10,1
7,login1,pass1,192.168.1.10,1
8,login1,pass1,192.168.1.10,1
9,login1,pass1,192.168.1.10,1
10,login2,pass1,192.168.1.10,1
11,login2,pass1,192.168.1.10,1
12,login2,pass1,192.168.1.10,1
13,login2,pass1,192.168.1.10,1
14,login2,pass1,192.168.1.10,1
15,login2,pass1,192.168.1.10,1
16,login2,pass1,192.168.1.10,1
17,login2,pass1,192.168.1.10,1
18,login2,pass1,192.168.1.10,1
19,login2,pass1,192.168.1.10,1
20,login3,pass1,192.168.1.10,1
21,login3,pass1,192.168.1.10,1
22,login3,pass1,192.168.1.10,1
23,login3,pass1,192.168.1.10,1
24,login3,pass1,192.168.1.10,1
25,login3,pass1,192.168.1.10,1
26,login3,pass1,192.168.1.10,1
27,login3,pass1,192.168.1.10,1
28,login3,pass1,192.168.1.10,1
29,login3,pass1,192.168.1.10,1
30,login4,pass1,192.168.1.10,1
31,login4,pass1,192.168.1.10,1
32,login4,pass1,192.168.1.10,1
33,login4,pass1,192.168.1.10,1
34,login4,pass1,192.168.1.10,1
35,login4,pass1,192.168.1.10,1
36,login4,pass1,192.168.1.10,1
37,login4,pass1,192.168.1.10,1
38,login4,pass1,192.168.1.10,1
39,login4,pass1,192.168.1.10,1
40,login5,pass1,192.168.1.10,1
41,login5,pass1,192.168.1.10,1
42,login5,pass1,192.168.1.10,1
43,login5,pass1,192.168.1.10,1
44,login5,pass1,192.168.1.10,1
45,login5,pass1,192.168.1.10,1
46,login5,pass1,192.168.1.10,1
47,login5,pass1,192.168.1.10,1
48,login5,pass1,192.168.1.10,1
49,login5,pass1,192.168.1.10,1
50,login6,pass1,192.168.1.10,1
51,login6,pass1,192.168.1.10,1
52,login6,pass1,192.168.1.10,1
53,login6,pass1,192.168.1.10,1
54,login6,pass1,192.168.1.10,1
55,login6,pass1,192.168.1.10,1
56,login6,pass1,192.168.1.10,1
57,login6,pass1,192.168.1.10,1
58,login6,pass1,192.168.1.10,1
59,login6,pass1,192.168.1.10,1
60,login7,pass1,192.168.1.10,1
61,login7,pass1,192.168.1.10,1
62,login7,pass1,192.168.1.10,1
63,login7,pass1,192.168.1.10,1
64,login7,pass1,192.168.1.10,1
65,login7,pass1,192.168.1.10,1
66,login7,pass1,192.168.1.10,1
67,login7,pass1,192.168.1.10,1
68,login7,pass1,192.168.1.10,1
69,login7,pass1,192.168.1.10,1
70,login8,pass1,192.168.1.10,1
71,login8,pass1,192.168.1.10,1
72,login8,pass1,192.168.1.10,1
73,login8,pass1,192.168.1.10,1
74,login8,pass1,192.168.1.10,1
75,login8,pass1,192.168.1.10,1
76,login8,pass1,192.168.1.10,1
77,login8,pass1,192.168.1.10,1
78,login8,pass1,192.168.1.10,1
79,login8,pass1,192.168.1.10,1
80,login9,pass1,192.168.1.10,1
81,login9,pass1,192.168.1.10,1
82,login9,pass1,192.168.1.10,1
83,login9,pass1,192.168.1.10,1
84,login9,pass1,192.168.1.10,1
85,login9,pass1,192.168.1.10,1
86,login9,pass1,192.168.1.10,1
87,login9,pass1,192.168.1.10,1
88,login9,pass1,192.168.1.10,1
89,login9,pass1,192.168.1.10,1
90,login10,pass1,192.168.1.10,1
91,login10,pass1,192.168.1.10,1
92,login10,pass1,192.168.1.10,1
93,login10,pass1,192.168.1.10,1
94,login10,pass1,192.168.1.10,1
95,login10,pass1,192.168.1.10,1
96,login10,pass1,192.168.1.10,1
97,login10,pass1,192.168.1.10,1
98,login10,pass1,192.168.1.10,1
99,login10,pass1,192.168.1.10,1
100,login11,pass2,192.168.1.10,1
101,login11,pass2,192.168.1.10,1
102,login11,pass2,192.168.1.10,1
103,login11,pass2,192.168.1.10,1
104,login11,pass2,192.168.1.10,1
105,login11,pass2,192.168.1.10,1
106,login11,pass2,192.168.1.10,1
107,login11,pass2,192.168.1.10,1
108,login11,pass2,192.168.1.10,1
109,login11,pass2,192.168.1.10,1
110,login12,pass2,192.168.1.10,1
111,login12,pass2,192.168.1.10,1
112,login12,pass2,192.168.1.10,1
113,login12,pass2,192.168.1.10,1
114,login12,pass2,192.168.1.10,1
115,login12,pass2,192.168.1.10,1
116,login12,pass2,192.168.1.10,1
117,login12,pass2,192.168.1.10,1
118,login12,pass2,192.168.1.10,1
119,login12,pass2,192.168.1.10,1
120,login13,pass2,192.168.1.10,1
121,login13,pass2,192.168.1.10,1
122,login13,pass2,192.168.1.10,1
123,login13,pass2,192.168.1.10,1
124,login13,pass2,192.168.1.10,1
125,login13,pass2,192.168.1.10,1
126,login13,pass2,192.168.1.10,1
127,login13,pass2,192.168.1.10,1
128,login13,pass2,192.168.1.10,1
129,login13,pass2,192.168.1.10,1
130,login14,pass2,192.168.1.10,1
131,login14,pass2,192.168.1.10,1
132,login14,pass2,192.168.1.10,1
133,login14,pass2,192.168.1.10,1
134,login14,pass2,192.168.1.10,1
135,login14,pass2,192.168.1.10,1
136,login14,pass2,192.168.1.10,1
137,login14,pass2,192.168.1.10,1
138,login14,pass2,192.168.1.10,1
139,login14,pass2,192.168.1.10,1
140,login15,pass2,192.168.1.10,1
141,login15,pass2,192.168.1.10,1
142,login15,pass2,192.168.1.10,1
143,login15,pass2,192.168.1.10,1
144,login15,pass2,192.168.1.10,1
145,login15,pass2,192.168.1.10,1
146,login15,pass2,192.168.1.10,1
147,login15,pass2,192.168.1.10,1
148,login15,pass2,192.168.1.10,1
149,login15,pass2,192.168.1.10,1
150,login16,pass2,192.168.1.10,1
151,login16,pass2,192.168.1.10,1
152,login16,pass2,192.168.1.10,1
153,login16,pass2,192.168.1.10,1
154,login16,pass2,192.168.1.10,1
155,login16,pass2,192.168.1.10,1
156,login16,pass2,192.168.1.10,1
157,login16,pass2,192.168.1.10,1
158,login16,pass2,192.168.1.10,1
159,login16,pass2,192.168.1.10,1
160,login17,pass2,192.168.1.10,1
161,login17,pass2,192.168.1.10,1
162,login17,pass2,192.168.1.10,1
163,login17,pass2,192.168.1.10,1
164,login17,pass2,192.168.1.10,1
165,login17,pass2,192.168.1.10,1
166,login17,pass2,192.168.1.10,1
167,login17,pass2,192.168.1.10,1
168,login17,pass2,192.168.1.10,1
169,login17,pass2,192.168.1.10,1
170,login18,pass2,192.168.1.10,1
171,login18,pass2,192.168.1.10,1
172,login18,pass2,192.168.1.10,1
173,login18,pass2,192.168.1.10,1
174,login18,pass2,192.168.1.10,1
175,login18,pass2,192.168.1.10,1
176,login18,pass2,192.168.1.10,1
177,login18,pass2,192.168.1.10,1
178,login18,pass2,192.168.1.10,1
179,login18,pass2,192.168.1.10,1
180,login19,pass2,192.168.1.10,1
181,login19,pass2,192.168.1.10,1
182,login19,pass2,192.168.1.10,1
183,login19,pass2,192.168.1.10,1
184,login19,pass2,192.168.1.10,1
185,login19,pass2,192.168.1.10,1
186,login19,pass2,192.168.1.10,1
187,login19,pass2,192.168.1.10,1
188,login19,pass2,192.168.1.10,1
189,login19,pass2,192.168.1.10,1
190,login20,pass2,192.168.1.10,1
191,login20,pass2,192.168.1.10,1
192,login20,pass2,192.168.1.10,1
193,login20,pass2,192.168.1.10,1
194,login20,pass2,192.168.1.10,1
195,login20,pass2,192.168.1.10,1
196,login20,pass2,192.168.1.10,1
197,login20,pass2,192.168.1.10,1
198,login20,pass2,192.168.1.10,1
199,login20,pass2,192.168.1.10,1
200,login21,pass3,192.168.1.10,1
201,login21,pass3,192.168.1.10,1
202,login21,pass3,192.168.1.10,1
203,login21,pass3,192.168.1.10,1
204,login21,pass3,192.168.1.10,1
205,login21,pass3,192.168.1.10,1
206,login21,pass3,192.168.1.10,1
207,login21,pass3,192.168.1.10,1
208,login21,pass3,192.168.1.10,1
209,login21,pass3,192.168.1.10,1
210,login22,pass3,192.168.1.10,1
211,login22,pass3,192.168.1.10,1
212,login22,pass3,192.168.1.10,1
213,login22,pass3,192.168.1.10,1
214,login22,pass3,192.168.1.10,1
215,login22,pass3,192.168.1.10,1
216,login22,pass3,192.168.1.10,1
217,login22,pass3,192.168.1.10,1
218,login22,pass3,192.168.1.10,1
219,login22,pass3,192.168.1.10,1
220,login23,pass3,192.168.1.10,1
221,login23,pass3,192.168.1.10,1
222,login23,pass3,192.168.1.10,1
223,login23,pass3,192.168.1.10,1
224,login23,pass3,192.168.1.10,1
225,login23,pass3,192.168.1.10,1
226,login23,pass3,192.168.1.10,1
227,login23,pass3,192.168.1.10,1
228,login23,pass3,192.168.1.10,1
229,login23,pass3,192.168.1.10,1
230,login24,pass3,192.168.1.10,1
231,login24,pass3,192.168.1.10,1
232,login24,pass3,192.168.1.10,1
233,login24,pass3,192.168.1.10,1
234,login24,pass3,192.168.1.10,1
235,login24,pass3,192.168.1.10,1
236,login24,pass3,192.168.1.10,1
237,login24,pass3,192.168.1.10,1
238,login24,pass3,192.168.1.10,1
239,login24,pass3,192.168.1.10,1
240,login25,pass3,192.168.1.10,1
241,login25,pass3,192.168.1.10,1
242,login25,pass3,192.168.1.10,1
243,login25,pass3,192.168.1.10,1
244,login25,pass3,192.168.1.10,1
245,login25,pass3,192.168.1.10,1
246,login25,pass3,192.168.1.10,1
247,login25,pass3,192.168.1.10,1
248,login25,pass3,192.168.1.10,1
249,login25,pass3,192.168.1.10,1
250,login26,pass3,192.168.1.10,1
251,login26,pass3,192.168.1.10,1
252,login26,pass3,192.168.1.10,1
253,login26,pass3,192.168.1.10,1
254,login26,pass3,192.168.1.10,1
255,login26,pass3,192.168.1.10,1
256,login26,pass3,192.168.1.10,1
257,login26,pass3,192.168.1.10,1
258,login26,pass3,192.168.1.10,1
259,login26,pass3,192.168.1.10,1
260,login27,pass3,192.168.1.10,1
261,login27,pass3,192.168.1.10,1
262,login27,pass3,192.168.1.10,1
263,login27,pass3,192.168.1.10,1
264,login27,pass3,192.168.1.10,1
265,login27,pass3,192.168.1.10,1
266,login27,pass3,192.168.1.10,1
267,login27,pass3,192.168.1.10,1
268,login27,pass3,192.168.1.10,1
269,login27,pass3,192.168.1.10,1
270,login28,pass3,192.168.1.10,1
271,login28,pass3,192.168.1.10,1
272,login28,pass3,192.168.1.10,1
273,login28,pass3,192.168.1.10,1
274,login28,pass3,192.168.1.10,1
275,login28,pass3,192.168.1.10,1
276,login28,pass3,192.168.1.10,1
277,login28,pass3,192.168.1.10,1
278,login28,pass3,192.168.1.10,1
279,login28,pass3,192.168.1.10,1
280,login29,pass3,192.168.1.10,1
281,login29,pass3,192.168.1.10,1
282,login29,pass3,192.168.1.10,1
283,login29,pass3,192.168.1.10,1
284,login29,pass3,192.168.1.10,1
285,login29,pass3,192.168.1.10,1
286,login29,pass3,192.168.1.10,1
287,login29,pass3,192.168.1.10,1
288,login29,pass3,192.168.1.10,1
289,login29,pass3,192.168.1.10,1
290,login30,pass3,192.168.1.10,1
291,login30,pass3,192.168.1.10,1
292,login30,pass3,192.168.1.10,1
293,login30,pass3,192.168.1.10,1
294,login30,pass3,192.168.1.10,1
295,login30,pass3,192.168.1.10,1
296,login30,pass3,192.168.1.10,1
297,login30,pass3,192.168.1.10,1
298,login30,pass3,192.168.1.10,1
299,login30,pass3,192.168.1.10,1
300,login31,pass4,192.168.1.10,1
301,login31,pass4,192.168.1.10,1
302,login31,pass4,192.168.1.10,1
303,login31,pass4,192.168.1.10,1
304,login31,pass4,192.168.1.10,1
305,login31,pass4,192.168.1.10,1
306,login31,pass4,192.168.1.10,1
307,login31,pass4,192.168.1.10,1
308,login31,pass4,192.168.1.10,1
309,login31,pass4,192.168.1.10,1
310,login32,pass4,192.168.1.10,1
311,login32,pass4,192.168.1.10,1
312,login32,pass4,192.168.1.10,1
313,login32,pass4,192.168.1.10,1
314,login32,pass4,192.168.1.10,1
315,login32,pass4,192.168.1.10,1
316,login32,pass4,192.168.1.10,1
317,login32,pass4,192.168.1.10,1
318,login32,pass4,192.168.1.10,1
319,login32,pass4,192.168.1.10,1
320,login33,pass4,192.168.1.10,1
321,login33,pass4,192.168.1.10,1
322,login33,pass4,192.168.1.10,1
323,login33,pass4,192.168.1.10,1
324,login33,pass4,192.168.1.10,1
325,login33,pass4,192.168.1.10,1
326,login33,pass4,192.168.1.10,1
327,login33,pass4,192.168.1.10,1
328,login33,pass4,192.168.1.10,1
329,login33,pass4,192.168.1.10,1
330,login34,pass4,192.168.1.10,1
331,login34,pass4,192.168.1.10,1
332,login34,pass4,192.168.1.10,1
333,login34,pass4,192.168.1.10,1
334,login34,pass4,192.168.1.10,1
335,login34,pass4,192.168.1.10,1
336,login34,pass4,192.168.1.10,1
337,login34,pass4,192.168.1.10,1
338,login34,pass4,192.168.1.10,1
339,login34,pass4,192.168.1.10,1
340,login35,pass4,192.168.1.10,1
341,login35,pass4,192.168.1.10,1
342,login35,pass4,192.168.1.10,1
343,login35,pass4,192.168.1.10,1
344,login35,pass4,192.168.1.10,1
345,login35,pass4,192.168.1.10,1
346,login35,pass4,192.168.1.10,1
347,login35,pass4,192.168.1.10,1
348,login35,pass4,192.168.1.10,1
349,login35,pass4,192.168.1.10,1
350,login36,pass4,192.168.1.10,1
351,login36,pass4,192.168.1.10,1
352,login36,pass4,192.168.1.10,1
353,login36,pass4,192.168.1.10,1
354,login36,pass4,192.168.1.10,1
355,login36,pass4,192.168.1.10,1
356,login36,pass4,192.168.1.10,1
357,login36,pass4,192.168.1.10,1
358,login36,pass4,192.168.1.10,1
359,login36,pass4,192.168.1.10,1
360,login37,pass4,192.168.1.10,1
361,login37,pass4,192.168.1.10,1
362,login37,pass4,192.168.1.10,1
363,login37,pass4,192.168.1.10,1
364,login37,pass4,192.168.1.10,1
365,login37,pass4,192.168.1.10,1
366,login37,pass4,192.168.1.10,1
367,login37,pass4,192.168.1.10,1
368,login37,pass4,192.168.1.10,1
369,login37,pass4,192.168.1.10,1
370,login38,pass4,192.168.1.10,1
371,login38,pass4,192.168.1.10,1
372,login38,pass4,192.168.1.10,1
373,login38,pass4,192.168.1.10,1
374,login38,pass4,192.168.1.10,1
375,login38,pass4,192.168.1.10,1
376,login38,pass4,192.168.1.10,1
377,login38,pass4,192.168.1.10,1
378,login38,pass4,192.168.1.10,1
379,login38,pass4,192.168.1.10,1
380,login39,pass4,192.168.1.10,1
381,login39,pass4,192.168.1.10,1
382,login39,pass4,192.168.1.10,1
383,login39,pass4,192.168.1.10,1
384,login39,pass4,192.168.1.10,1
385,login39,pass4,192.168.1.10,1
386,login39,pass4,192.168.1.10,1
387,login39,pass4,192.168.1.10,1
388,login39,pass4,192.168.1.10,1
389,login39,pass4,192.168.1.10,1
390,login40,pass4,192.168.1.10,1
391,login40,pass4,192.168.1.10,1
392,login40,pass4,192.168.1.10,1
393,login40,pass4,192.168.1.10,1
394,login40,pass4,192.168.1.10,1
395,login40,pass4,192.168.1.10,1
396,login40,pass4,192.168.1.10,1
397,login40,pass4,192.168.1.10,1
398,login40,pass4,192.168.1.10,1
399,login40,pass4,192.168.1.10,1
400,login41,pass5,192.168.1.10,1
401,login41,pass5,192.168.1.10,1
402,login41,pass5,192.168.1.10,1
403,login41,pass5,192.168.1.10,1
404,login41,pass5,192.168.1.10,1
405,login41,pass5,192.168.1.10,1
406,login41,pass5,192.168.1.10,1
407,login41,pass5,192.168.1.10,1
408,login41,pass5,192.168.1.10,1
409,login41,pass5,192.168.1.10,1
410,login42,pass5,192.168.1.10,1
411,login42,pass5,192.168.1.10,1
412,login42,pass5,192.168.1.10,1
413,login42,pass5,192.168.1.10,1
414,login42,pass5,192.168.1.10,1
415,login42,pass5,192.168.1.10,1
416,login42,pass5,192.168.1.10,1
417,login42,pass5,192.168.1.10,1
418,login42,pass5,192.168.1.10,1
419,login42,pass5,192.168.1.10,1
420,login43,pass5,192.168.1.10,1
421,login43,pass5,192.168.1.10,1
422,login43,pass5,192.168.1.10,1
423,login43,pass5,192.168.1.10,1
424,login43,pass5,192.168.1.10,1
425,login43,pass5,192.168.1.10,1
426,login43,pass5,192.168.1.10,1
427,login43,pass5,192.168.1.10,1
428,login43,pass5,192.168.1.10,1
429,login43,pass5,192.168.1.10,1
430,login44,pass5,192.168.1.10,1
431,login44,pass5,192.168.1.10,1
432,login44,pass5,192.168.1.10,1
433,login44,pass5,192.168.1.10,1
434,login44,pass5,192.168.1.10,1
435,login44,pass5,192.168.1.10,1
436,login44,pass5,192.168.1.10,1
437,login44,pass5,192.168.1.10,1
438,login44,pass5,192.168.1.10,1
439,login44,pass5,192.168.1.10,1
440,login45,pass5,192.168.1.10,1
441,login45,pass5,192.168.1.10,1
442,login45,pass5,192.168.1.10,1
443,login45,pass5,192.168.1.10,1
444,login45,pass5,192.168.1.10,1
445,login45,pass5,192.168.1.10,1
446,login45,pass5,192.168.1.10,1
447,login45,pass5,192.168.1.10,1
448,login45,pass5,192.168.1.10,1
449,login45,pass5,192.168.1.10,1
450,login46,pass5,192.168.1.10,1
451,login46,pass5,192.168.1.10,1
452,login46,pass5,192.168.1.10,1
453,login46,pass5,192.168.1.10,1
454,login46,pass5,192.168.1.10,1
455,login46,pass5,192.168.1.10,1
456,login46,pass5,192.168.1.10,1
457,login46,pass5,192.168.1.10,1
458,login46,pass5,192.168.1.10,1
459,login46,pass5,192.168.1.10,1
460,login47,pass5,192.168.1.10,1
461,login47,pass5,192.168.1.10,1
462,login47,pass5,192.168.1.10,1
463,login47,pass5,192.168.1.10,1
464,login47,pass5,192.168.1.10,1
465,login47,pass5,192.168.1.10,1
466,login47,pass5,192.168.1.10,1
467,login47,pass5,192.168.1.10,1
468,login47,pass5,192.168.1.10,1
469,login47,pass5,192.168.1.10,1
470,login48,pass5,192.168.1.10,1
471,login48,pass5,192.168.1.10,1
472,login48,pass5,192.168.1.10,1
473,login48,pass5,192.168.1.10,1
474,login48,pass5,192.168.1.10,1
475,login48,pass5,192.168.1.10,1
476,login48,pass5,192.168.1.10,1
477,login48,pass5,192.168.1.10,1
478,login48,pass5,192.168.1.10,1
479,login48,pass5,192.168.1.10,1
480,login49,pass5,192.168.1.10,1
481,login49,pass5,192.168.1.10,1
482,login49,pass5,192.168.1.10,1
483,login49,pass5,192.168.1.10,1
484,login49,pass5,192.168.1.10,1
485,login49,pass5,192.168.1.10,1
486,login49,pass5,192.168.1.10,1
487,login49,pass5,192.168.1.10,1
488,login49,pass5,192.168.1.10,1
489,login49,pass5,192.168.1.10,1
490,login50,pass5,192.168.1.10,1
491,login50,pass5,192.168.1.10,1
492,login50,pass5,192.168.1.10,1
493,login50,pass5,192.168.1.10,1
494,login50,pass5,192.168.1.10,1
495,login50,pass5,192.168.1.10,1
496,login50,pass5,192.168.1.10,1
497,login50,pass5,192.168.1.10,1
498,login50,pass5,192.168.1.10,1
499,login50,pass5,192.168.1.10,1
500,login51,pass6,192.168.1.10,1
501,login51,pass6,192.168.1.10,1
502,login51,pass6,192.168.1.10,1
503,login51,pass6,192.168.1.10,1
504,login51,pass6,192.168.1.10,1
505,login51,pass6,192.168.1.10,1
506,login51,pass6,192.168.1.10,1
507,login51,pass6,192.168.1.10,1
508,login51,pass6,192.168.1.10,1
509,login51,pass6,192.168.1.10,1
510,login52,pass6,192.168.1.10,1
511,login52,pass6,192.168.1.10,1
512,login52,pass6,192.168.1.10,1
513,login52,pass6,192.168.1.10,1
514,login52,pass6,192.168.1.10,1
515,login52,pass6,192.168.1.10,1
516,login52,pass6,192.168.1.10,1
517,login52,pass6,192.168.1.10,1
518,login52,pass6,192.168.1.10,1
519,login52,pass6,192.168.1.10,1
520,login53,pass6,192.168.1.10,1
521,login53,pass6,192.168.1.10,1
522,login53,pass6,192.168.1.10,1
523,login53,pass6,192.168.1.10,1
524,login53,pass6,192.168.1.10,1
525,login53,pass6,192.168.1.10,1
526,login53,pass6,192.168.1.10,1
527,login53,pass6,192.168.1.10,1
528,login53,pass6,192.168.1.10,1
529,login53,pass6,192.168.1.10,1
530,login54,pass6,192.168.1.10,1
531,login54,pass6,192.168.1.10,1
532,login54,pass6,192.168.1.10,1
533,login54,pass6,192.168.1.10,1
534,login54,pass6,192.168.1.10,1
535,login54,pass6,192.168.1.10,1
536,login54,pass6,192.168.1.10,1
537,login54,pass6,192.168.1.10,1
538,login54,pass6,192.168.1.10,1
539,login54,pass6,192.168.1.10,1
540,login55,pass6,192.168.1.10,1
541,login55,pass6,192.168.1.10,1
542,login55,pass6,192.168.1.10,1
543,login55,pass6,192.168.1.10,1
544,login55,pass6,192.168.1.10,1
545,login55,pass6,192.168.1.10,1
546,login55,pass6,192.168.1.10,1
547,login55,pass6,192.168.1.10,1
548,login55,pass6,192.168.1.10,1
549,login55,pass6,192.168.1.10,1
550,login56,pass6,192.168.1.10,1
551,login56,pass6,192.168.1.10,1
552,login56,pass6,192.168.1.10,1
553,login56,pass6,192.168.1.10,1
554,login56,pass6,192.168.1.10,1
555,login56,pass6,192.168.1.10,1
556,login56,pass6,192.168.1.10,1
557,login56,pass6,192.168.1.10,1
558,login56,pass6,192.168.1.10,1
559,login56,pass6,192.168.1.10,1
560,login57,pass6,192.168.1.10,1
561,login57,pass6,192.168.1.10,1
562,login57,pass6,192.168.1.10,1
563,login57,pass6,192.168.1.10,1
564,login57,pass6,192.168.1.10,1
565,login57,pass6,192.168.1.10,1
566,login57,pass6,192.168.1.10,1
567,login57,pass6,192.168.1.10,1
568,login57,pass6,192.168.1.10,1
569,login57,pass6,192.168.1.10,1
570,login58,pass6,192.168.1.10,1
571,login58,pass6,192.168.1.10,1
572,login58,pass6,192.168.1.10,1
573,login58,pass6,192.168.1.10,1
574,login58,pass6,192.168.1.10,1
575,login58,pass6,192.168.1.10,1
576,login58,pass6,192.168.1.10,1
577,login58,pass6,192.168.1.10,1
578,login58,pass6,192.168.1.10,1
579,login58,pass6,192.168.1.10,1
580,login59,pass6,192.168.1.10,1
581,login59,pass6,192.168.1.10,1
582,login59,pass6,192.168.1.10,1
583,login59,pass6,192.168.1.10,1
584,login59,pass6,192.168.1.10,1
585,login59,pass6,192.168.1.10,1
586,login59,pass6,192.168.1.10,1
587,login59,pass6,192.168.1.10,1
588,login59,pass6,192.168.1.10,1
589,login59,pass6,192.168.1.10,1
590,login60,pass6,192.168.1.10,1
591,login60,pass6,192.168.1.10,1
592,login60,pass6,192.168.1.10,1
593,login60,pass6,192.168.1.10,1
594,login60,pass6,192.168.1.10,1
595,login60,pass6,192.168.1.10,1
596,login60,pass6,192.168.1.10,1
597,login60,pass6,192.168.1.10,1
598,login60,pass6,192.168.1.10,1
599,login60,pass6,192.168.1.10,1
600,login61,pass7,192.168.1.10,1
601,login61,pass7,192.168.1.10,1
602,login61,pass7,192.168.1.10,1
603,login61,pass7,192.168.1.10,1
604,login61,pass7,192.168.1.10,1
605,login61,pass7,192.168.1.10,1
606,login61,pass7,192.168.1.10,1
607,login61,pass7,192.168.1.10,1
608,login61,pass7,192.168.1.10,1
609,login61,pass7,192.168.1.10,1
610,login62,pass7,192.168.1.10,1
611,login62,pass7,192.168.1.10,1
612,login62,pass7,192.168.1.10,1
613,login62,pass7,192.168.1.10,1
614,login62,pass7,192.168.1.10,1
615,login62,pass7,192.168.1.10,1
616,login62,pass7,192.168.1.10,1
617,login62,pass7,192.168.1.10,1
618,login62,pass7,192.168.1.10,1
619,login62,pass7,192.168.1.10,1
620,login63,pass7,192.168.1.10,1
621,login63,pass7,192.168.1.10,1
622,login63,pass7,192.168.1.10,1
623,login63,pass7,192.168.1.10,1
624,login63,pass7,192.168.1.10,1
625,login63,pass7,192.168.1.10,1
626,login63,pass7,192.168.1.10,1
627,login63,pass7,192.168.1.10,1
628,login63,pass7,192.168.1.10,1
629,login63,pass7,192.168.1.10,1
630,login64,pass7,192.168.1.10,1
631,login64,pass7,192.168.1.10,1
632,login64,pass7,192.168.1.10,1
633,login64,pass7,192.168.1.10,1
634,login64,pass7,192.168.1.10,1
635,login64,pass7,192.168.1.10,1
636,login64,pass7,192.168.1.10,1
637,login64,pass7,192.168.1.10,1
638,login64,pass7,192.168.1.10,1
639,login64,pass7,192.168.1.10,1
640,login65,pass7,192.168.1.10,1
641,login65,pass7,192.168.1.10,1
642,login65,pass7,192.168.1.10,1
643,login65,pass7,192.168.1.10,1
644,login65,pass7,192.168.1.10,1
645,login65,pass7,192.168.1.10,1
646,login65,pass7,192.168.1.10,1
647,login65,pass7,192.168.1.10,1
648,login65,pass7,192.168.1.10,1
649,login65,pass7,192.168.1.10,1
650,login66,pass7,192.168.1.10,1
651,login66,pass7,192.168.1.10,1
652,login66,pass7,192.168.1.10,1
653,login66,pass7,192.168.1.10,1
654,login66,pass7,192.168.1.10,1
655,login66,pass7,192.168.1.10,1
656,login66,pass7,192.168.1.10,1
657,login66,pass7,192.168.1.10,1
658,login66,pass7,192.168.1.10,1
659,login66,pass7,192.168.1.10,1
660,login67,pass7,192.168.1.10,1
661,login67,pass7,192.168.1.10,1
662,login67,pass7,192.168.1.10,1
663,login67,pass7,192.168.1.10,1
664,login67,pass7,192.168.1.10,1
665,login67,pass7,192.168.1.10,1
666,login67,pass7,192.168.1.10,1
667,login67,pass7,192.168.1.10,1
668,login67,pass7,192.168.1.10,1
669,login67,pass7,192.168.1.10,1
670,login68,pass7,192.168.1.10,1
671,login68,pass7,192.168.1.10,1
672,login68,pass7,192.168.1.10,1
673,login68,pass7,192.168.1.10,1
674,login68,pass7,192.168.1.10,1
675,login68,pass7,192.168.1.10,1
676,login68,pass7,192.168.1.10,1
677,login68,pass7,192.168.1.10,1
678,login68,pass7,192.168.1.10,1
679,login68,pass7,192.168.1.10,1
680,login69,pass7,192.168.1.10,1
681,login69,pass7,192.168.1.10,1
682,login69,pass7,192.168.1.10,1
683,login69,pass7,192.168.1.10,1
684,login69,pass7,192.168.1.10,1
685,login69,pass7,192.168.1.10,1
686,login69,pass7,192.168.1.10,1
687,login69,pass7,192.168.1.10,1
688,login69,pass7,192.168.1.10,1
689,login69,pass7,192.168.1.10,1
690,login70,pass7,192.168.1.10,1
691,login70,pass7,192.168.1.10,1
692,login70,pass7,192.168.1.10,1
693,login70,pass7,192.168.1.10,1
694,login70,pass7,192.168.1.10,1
695,login70,pass7,192.168.1.10,1
696,login70,pass7,192.168.1.10,1
697,login70,pass7,192.168.1.10,1
698,login70,pass7,192.168.1.10,1
699,login70,pass7,192.168.1.10,1
700,login71,pass8,192.168.1.10,1
701,login71,pass8,192.168.1.10,1
702,login71,pass8,192.168.1.10,1
703,login71,pass8,192.168.1.10,1
704,login71,pass8,192.168.1.10,1
705,login71,pass8,192.168.1.10,1
706,login71,pass8,192.168.1.10,1
707,login71,pass8,192.168.1.10,1
708,login71,pass8,192.168.1.10,1
709,login71,pass8,192.168.1.10,1
710,login72,pass8,192.168.1.10,1
711,login72,pass8,192.168.1.10,1
712,login72,pass8,192.168.1.10,1
713,login72,pass8,192.168.1.10,1
714,login72,pass8,192.168.1.10,1
715,login72,pass8,192.168.1.10,1
716,login72,pass8,192.168.1.10,1
717,login72,pass8,192.168.1.10,1
718,login72,pass8,192.168.1.10,1
719,login72,pass8,192.168.1.10,1
720,login73,pass8,192.168.1.10,1
721,login73,pass8,192.168.1.10,1
722,login73,pass8,192.168.1.10,1
723,login73,pass8,192.168.1.10,1
724,login73,pass8,192.168.1.10,1
725,login73,pass8,192.168.1.10,1
726,login73,pass8,192.168.1.10,1
727,login73,pass8,192.168.1.10,1
728,login73,pass8,192.168.1.10,1
729,login73,pass8,192.168.1.10,1
730,login74,pass8,192.168.1.10,1
731,login74,pass8,192.168.1.10,1
732,login74,pass8,192.168.1.10,1
733,login74,pass8,192.168.1.10,1
734,login74,pass8,192.168.1.10,1
735,login74,pass8,192.168.1.10,1
736,login74,pass8,192.168.1.10,1
737,login74,pass8,192.168.1.10,1
738,login74,pass8,192.168.1.10,1
739,login74,pass8,192.168.1.10,1
740,login75,pass8,192.168.1.10,1
741,login75,pass8,192.168.1.10,1
742,login75,pass8,192.168.1.10,1
743,login75,pass8,192.168.1.10,1
744,login75,pass8,192.168.1.10,1
745,login75,pass8,192.168.1.10,1
746,login75,pass8,192.168.1.10,1
747,login75,pass8,192.168.1.10,1
748,login75,pass8,192.168.1.10,1
749,login75,pass8,192.168.1.10,1
750,login76,pass8,192.168.1.10,1
751,login76,pass8,192.168.1.10,1
752,login76,pass8,192.168.1.10,1
753,login76,pass8,192.168.1.10,1
754,login76,pass8,192.168.1.10,1
755,login76,pass8,192.168.1.10,1
756,login76,pass8,192.168.1.10,1
757,login76,pass8,192.168.1.10,1
758,login76,pass8,192.168.1.10,1
759,login76,pass8,192.168.1.10,1
760,login77,pass8,192.168.1.10,1
761,login77,pass8,192.168.1.10,1
762,login77,pass8,192.168.1.10,1
763,login77,pass8,192.168.1.10,1
764,login77,pass8,192.168.1.10,1
765,login77,pass8,192.168.1.10,1
766,login77,pass8,192.168.1.10,1
767,login77,pass8,192.168.1.10,1
768,login77,pass8,192.168.1.10,1
769,login77,pass8,192.168.1.10,1
770,login78,pass8,192.168.1.10,1
771,login78,pass8,192.168.1.10,1
772,login78,pass8,192.168.1.10,1
773,login78,pass8,192.168.1.10,1
774,login78,pass8,192.168.1.10,1
775,login78,pass8,192.168.1.10,1
776,login78,pass8,192.168.1.10,1
777,login78,pass8,192.168.1.10,1
778,login78,pass8,192.168.1.10,1
779,login78,pass8,192.168.1.10,1
780,login79,pass8,192.168.1.10,1
781,login79,pass8,192.168.1.10,1
782,login79,pass8,192.168.1.10,1
783,login79,pass8,192.168.1.10,1
784,login79,pass8,192.168.1.10,1
785,login79,pass8,192.168.1.10,1
786,login79,pass8,192.168.1.10,1
787,login79,pass8,192.168.1.10,1
788,login79,pass8,192.168.1.10,1
789,login79,pass8,192.168.1.10,1
790,login80,pass8,192.168.1.10,1
791,login80,pass8,192.168.1.10,1
792,login80,pass8,192.168.1.10,1
793,login80,pass8,192.168.1.10,1
794,login80,pass8,192.168.1.10,1
795,login80,pass8,192.168.1.10,1
796,login80,pass8,192.168.1.10,1
797,login80,pass8,192.168.1.10,1
798,login80,pass8,192.168.1.10,1
799,login80,pass8,192.168.1.10,1
800,login81,pass9,192.168.1.10,1
801,login81,pass9,192.168.1.10,1
802,login81,pass9,192.168.1.10,1
803,login81,pass9,192.168.1.10,1
804,login81,pass9,192.168.1.10,1
805,login81,pass9,192.168.1.10,1
806,login81,pass9,192.168.1.10,1
807,login81,pass9,192.168.1.10,1
808,login81,pass9,192.168.1.10,1
809,login81,pass9,192.168.1.10,1
810,login82,pass9,192.168.1.10,1
811,login82,pass9,192.168.1.10,1
812,login82,pass9,192.168.1.10,1
813,login82,pass9,192.168.1.10,1
814,login82,pass9,192.168.1.10,1
815,login82,pass9,192.168.1.10,1
816,login82,pass9,192.168.1.10,1
817,login82,pass9,192.168.1.10,1
818,login82,pass9,192.168.1.10,1
819,login82,pass9,192.168.1.10,1
820,login83,pass9,192.168.1.10,1
821,login83,pass9,192.168.1.10,1
822,login83,pass9,192.168.1.10,1
823,login83,pass9,192.168.1.10,1
824,login83,pass9,192.168.1.10,1
825,login83,pass9,192.168.1.10,1
826,login83,pass9,192.168.1.10,1
827,login83,pass9,192.168.1.10,1
828,login83,pass9,192.168.1.10,1
829,login83,pass9,192.168.1.10,1
830,login84,pass9,192.168.1.10,1
831,login84,pass9,192.168.1.10,1
832,login84,pass9,192.168.1.10,1
833,login84,pass9,192.168.1.10,1
834,login84,pass9,192.168.1.10,1
835,login84,pass9,192.168.1.10,1
836,login84,pass9,192.168.1.10,1
837,login84,pass9,192.168.1.10,1
838,login84,pass9,192.168.1.10,1
839,login84,pass9,192.168.1.10,1
840,login85,pass9,192.168.1.10,1
841,login85,pass9,192.168.1.10,1
842,login85,pass9,192.168.1.10,1
843,login85,pass9,192.168.1.10,1
844,login85,pass9,192.168.1.10,1
845,login85,pass9,192.168.1.10,1
846,login85,pass9,192.168.1.10,1
847,login85,pass9,192.168.1.10,1
848,login85,pass9,192.168.1.10,1
849,login85,pass9,192.168.1.10,1
850,login86,pass9,192.168.1.10,1
851,login86,pass9,192.168.1.10,1
852,login86,pass9,192.168.1.10,1
853,login86,pass9,192.168.1.10,1
854,login86,pass9,192.168.1.10,1
855,login86,pass9,192.168.1.10,1
856,login86,pass9,192.168.1.10,1
857,login86,pass9,192.168.1.10,1
858,login86,pass9,192.168.1.10,1
859,login86,pass9,192.168.1.10,1
860,login87,pass9,192.168.1.10,1
861,login87,pass9,192.168.1.10,1
862,login87,pass9,192.168.1.10,1
863,login87,pass9,192.168.1.10,1
864,login87,pass9,192.168.1.10,1
865,login87,pass9,192.168.1.10,1
866,login87,pass9,192.168.1.10,1
867,login87,pass9,192.168.1.10,1
868,login87,pass9,192.168.1.10,1
869,login87,pass9,192.168.1.10,1
870,login88,pass9,192.168.1.10,1
871,login88,pass9,192.168.1.10,1
872,login88,pass9,192.168.1.10,1
873,login88,pass9,192.168.1.10,1
874,login88,pass9,192.168.1.10,1
875,login88,pass9,192.168.1.10,1
876,login88,pass9,192.168.1.10,1
877,login88,pass9,192.168.1.10,1
878,login88,pass9,192.168.1.10,1
879,login88,pass9,192.168.1.10,1
880,login89,pass9,192.168.1.10,1
881,login89,pass9,192.168.1.10,1
882,login89,pass9,192.168.1.10,1
883,login89,pass9,192.168.1.10,1
884,login89,pass9,192.168.1.10,1
885,login89,pass9,192.168.1.10,1
886,login89,pass9,192.168.1.10,1
887,login89,pass9,192.168.1.10,1
888,login89,pass9,192.168.1.10,1
889,login89,pass9,192.168.1.10,1
890,login90,pass9,192.168.1.10,1
891,login90,pass9,192.168.1.10,1
892,login90,pass9,192.168.1.10,1
893,login90,pass9,192.168.1.10,1
894,login90,pass9,192.168.1.10,1
895,login90,pass9,192.168.1.10,1
896,login90,pass9,192.168.1.10,1
897,login90,pass9,192.168.1.10,1
898,login90,pass9,192.168.1.10,1
899,login90,pass9,192.168.1.10,1
900,login91,pass10,192.168.1.10,1
901,login91,pass10,192.168.1.10,1
902,login91,pass10,192.168.1.10,1
903,login91,pass10,192.168.1.10,1
904,login91,pass10,192.168.1.10,1
905,login91,pass10,192.168.1.10,1
906,login91,pass10,192.168.1.10,1
907,login91,pass10,192.168.1.10,1
908,login91,pass10,192.168.1.10,1
909,login91,pass10,192.168.1.10,1
910,login92,pass10,192.168.1.10,1
911,login92,pass10,192.168.1.10,1
912,login92,pass10,192.168.1.10,1
913,login92,pass10,192.168.1.10,1
914,login92,pass10,192.168.1.10,1
915,login92,pass10,192.168.1.10,1
916,login92,pass10,192.168.1.10,1
917,login92,pass10,192.168.1.10,1
918,login92,pass10,192.168.1.10,1
919,login92,pass10,192.168.1.10,1
920,login93,pass10,192.168.1.10,1
921,login93,pass10,192.168.1.10,1
922,login93,pass10,192.168.1.10,1
923,login93,pass10,192.168.1.10,1
924,login93,pass10,192.168.1.10,1
925,login93,pass10,192.168.1.10,1
926,login93,pass10,192.168.1.10,1
927,login93,pass10,192.168.1.10,1
928,login93,pass10,192.168.1.10,1
929,login93,pass10,192.168.1.10,1
930,login94,pass10,192.168.1.10,1
931,login94,pass10,192.168.1.10,1
932,login94,pass10,192.168.1.10,1
933,login94,pass10,192.168.1.10,1
934,login94,pass10,192.168.1.10,1
935,login94,pass10,192.168.1.10,1
936,login94,pass10,192.168.1.10,1
937,login94,pass10,192.168.1.10,1
938,login94,pass10,192.168.1.10,1
939,login94,pass10,192.168.1.10,1
940,login95,pass10,192.168.1.10,1
941,login95,pass10,192.168.1.10,1
942,login95,pass10,192.168.1.10,1
943,login95,pass10,192.168.1.10,1
944,login95,pass10,192.168.1.10,1
945,login95,pass10,192.168.1.10,1
946,login95,pass10,192.168.1.10,1
947,login95,pass10,192.168.1.10,1
948,login95,pass10,192.168.1.10,1
949,login95,pass10,192.168.1.10,1
950,login96,pass10,192.168.1.10,1
951,login96,pass10,192.168.1.10,1
952,login96,pass10,192.168.1.10,1
953,login96,pass10,192.168.1.10,1
954,login96,pass10,192.168.1.10,1
955,login96,pass10,192.168.1.10,1
956,login96,pass10,192.168.1.10,1
957,login96,pass10,192.168.1.10,1
958,login96,pass10,192.168.1.10,1
959,login96,pass10,192.168.1.10,1
960,login97,pass10,192.168.1.10,1
961,login97,pass10,192.168.1.10,1
962,login97,pass10,192.168.1.10,1
963,login97,pass10,192.168.1.10,1
964,login97,pass10,192.168.1.10,1
965,login97,pass10,192.168.1.10,1
966,login97,pass10,192.168.1.10,1
967,login97,pass10,192.168.1.10,1
968,login97,pass10,192.168.1.10,1
969,login97,pass10,192.168.1.10,1
970,login98,pass10,192.168.1.10,1
971,login98,pass10,192.168.1.10,1
972,login98,pass10,192.168.1.10,1
973,login98,pass10,192.168.1.10,1
974,login98,pass10,192.168.1.10,1
975,login98,pass10,192.168.1.10,1
976,login98,pass10,192.168.1.10,1
977,login98,pass10,192.168.1.10,1
978,login98,pass10,192.168.1.10,1
979,login98,pass10,192.168.1.10,1
980,login99,pass10,192.168.1.10,1
981,login99,pass10,192.168.1.10,1
982,login99,pass10,192.168.1.10,1
983,login99,pass10,192.168.1.10,1
984,login99,pass10,192.168.1.10,1
985,login99,pass10,192.168.1.10,1
986,login99,pass10,192.168.1.10,1
987,login99,pass10,192.168.1.10,1
988,login99,pass10,192.168.1.10,1
989,login99,pass10,192.168.1.10,1
990,login100,pass10,192.168.1.10,1
991,login100,pass10,192.168.1.10,1
992,login100,pass10,192.168.1.10,1
993,login100,pass10,192.168.1.10,1
994,login99,pass10,192.168.1.10,0
995,login100,pass10,192.168.1.10,1
996,login100,pass10,192.168.1.10,1
997,login100,pass9,192.168.1.10,0
998,login100,pass10,192.168.1.10,1
999,login100,pass10,192.168.1.10,1
1000,login101,pass11,192.168.1.11,1
1001,login101,pass11,192.168.1.11,1
1002,login101,pass11,192.168.1.11,1
1003,login101,pass11,192.168.1.11,1
1004,login101,pass11,192.168.1.11,1
1005,login101,pass11,192.168.1.11,1
1006,login101,pass11,192.168.1.10,0
1007,login101,pass11,192.168.1.11,1
1008,login101,pass11,192.168.1.11,1
1009,login101,pass11,192.168.1.11,1
1010,login102,pass11,192.168.1.11,1
1011,login102,pass11,192.168.1.11,1
1012,login102,pass11,192.168.1.11,1
1013,login102,pass11,192.168.1.11,1
1014,login102,pass11,192.168.1.11,1
1015,login102,pass11,192.168.1.11,1
1016,login102,pass11,192.168.1.11,1
1017,login102,pass11,192.168.1.11,1
1018,login102,pass11,192.168.1.11,1
1019,login102,pass11,192.168.1.11,1
1020,login103,pass11,192.168.1.11,1
1021,login103,pass11,192.168.1.11,1
1022,login103,pass11,192.168.1.11,1
1023,login103,pass11,192.168.1.11,1
1024,login103,pass11,192.168.1.11,1
1025,login103,pass11,192.168.1.11,1
1026,login103,pass11,192.168.1.11,1
